{"username":"neris","password":"neris","email":"neris","cash":380,"inventory":[{"id":2,"count":1},{"id":29,"count":2},{"id":1,"count":999},{"id":30,"count":3},{"id":70,"count":3},{"id":66,"count":35},{"id":4,"count":86},{"id":72,"count":21},{"id":3,"count":143},{"id":73,"count":1},{"id":28,"count":9}],"r":255,"g":240,"b":167,"t":255,"shirt":-1,"pants":-1,"shoes":-1,"head":-1,"back":-1,"handitem":-1,"hat":-1,"Craftdata1":{"resultItem":0,"craftDate":"0001-01-01T00:00:00","recipeid":0},"BanExpireTime":"0001-01-01T00:00:00","MuteExpireTime":"0001-01-01T00:00:00","PlayerLogs":null,"BanReason":null,"MuteReason":null,"level":0,"Xp":2470,"StaffLevel":7,"AdsLeftWatch":3,"ADRefresherTime":"2024-05-31T16:50:58.594818+10:00","badge":0,"HardwareIDlog":null,"IPLog":null}